Model,Vol. In Litres,Length In Cm,Width In Cm,Weight In Kg,Board TEchnology,Fin TEchnology,SysTEm,Footstraps,Rec.  Sailsize
"",,,,,,,,,
Newwave TE 69,69,232,53,Tba*,Carbon Kevlar Light TE,Fanatic Newwave 20.5 Prepreg,Us Box,3,3.3 – 5.4 M2
Newwave TE 76,76,234,55,Tba*,Carbon Kevlar Light TE,Fanatic Newwave 21.5 Prepreg,Us Box,3,3.5 – 5.8 M2
Newwave TE 83,83,236,57,Tba*,Carbon Kevlar Light TE,Fanatic Newwave 22 Prepreg,Us Box,3,3.7 – 6.0 M2
Newwave TE 91,91,243,59.5,Tba*,Carbon Kevlar Light TE,Fanatic Newwave 23 Prepreg,Us Box,3,4.2 – 6.4 M2
Newwave Twin TE 72,72,230,53.5,Tba*,Carbon Kevlar Light TE,2 X Fanatic Newwave 15.5 G10,Us Box,3,3.7 – 5.3 M2
Newwave Twin TE 79,79,232,55.5,Tba*,Carbon Kevlar Light TE,2 X Fanatic Newwave 16 G10,Us Box,3,4.0 – 5.8 M2
Newwave Twin TE 86,86,234,57.5,Tba*,Carbon Kevlar Light TE,2 X Fanatic Newwave 16.5 G10,Us Box,3,4.2 – 6.2 M2
Newwave Twin TE 93,93,236,59.5,Tba*,Carbon Kevlar Light TE,2 X Fanatic Newwave 17 G10,Us Box,3,4.5 – 6.6 M2
Freewave 75,75,235,56,Tba*,Custom Wood Sandwich Light,Fanatic Freewave 23 G10,Us Box,3,3.7 – 6.0 M2
Freewave 85,85,238,58.5,Tba*,Custom Wood Sandwich Light,Fanatic Freewave 25 G10,Power Box,4,4.2 – 6.5 M2
Freewave 95,95,240,61,Tba*,Custom Wood Sandwich Light,Fanatic Freewave 27 G10,Power Box,4,4.5 – 6.7 M2
Freewave 105,105,242,63.5,Tba*,Custom Wood Sandwich Light,Fanatic Freewave 29 G10,Power Box,4,4.7 –7.0 M2
Freewave 115,115,244,66,Tba*,Custom Wood Sandwich Light,Fanatic Freewave 29 G10,Power Box,4,5.0 – 7.3 M2
Freewave TE 75,75,235,56,Tba*,Carbon Kevlar Light TE,Fanatic Freewave 23 G10,Us Box,3,3.7 – 6.0 M2
Freewave TE 85,85,238,58.5,Tba*,Carbon Kevlar Light TE,Fanatic Freewave 25 G10,Power Box,4,4.2 – 6.5 M2
Freewave TE 95,95,240,61,Tba*,Carbon Kevlar Light TE,Fanatic Freewave 27 G10,Power Box,4,4.5 – 6.7 M2
Freewave TE 105,105,242,63.5,Tba*,Carbon Kevlar Light TE,Fanatic Freewave 29 G10,Power Box,4,4.7 – 7.0 M2
Freewave TE 115,115,244,66,Tba*,Carbon Kevlar Light TE,Fanatic Freewave 29 G10,Power Box,4,5.0 – 7.3 M2
Skate 100,100,235,63.5,Tba*,Biax Glass Sandwich Light,Fanatic Freestyle 22 Prepreg,Power Box,3,4.5 – 7.0 M2
Skate 110,110,237,66.5,Tba*,Biax Glass Sandwich Light,Fanatic Freestyle 24 Prepreg,Power Box,3,5.0 – 7.5 M2
Skate TE 90,90,232,60,Tba*,Carbon Kevlar Light TE,Fanatic Freestyle 20 Prepreg,Power Box,3,4.0 – 6.6 M2
Skate TE 100,100,235,63.5,Tba*,Carbon Kevlar Light TE,Fanatic Freestyle 22 Prepreg,Power Box,3,4.5 – 7.0 M2
Skate TE 110,110,237,66.5,Tba*,Carbon Kevlar Light TE,Fanatic Freestyle 24 Prepreg,Power Box,3,5.0 – 7.5 M2
Hawk 100,100,245,62,Tba*,Wood Sandwich Light,Fanatic Hawk 34 Gfk,Power Box,4,5.0 – 8.0 M2
Hawk 120,120,249,68,Tba*,Wood Sandwich Light,Fanatic Hawk 39 Gfk,Power Box,4,5.5 – 8.5 M2
Hawk 135,135,249,73,Tba*,Wood Sandwich Light,Fanatic Hawk 46 Gfk,Power Box,4,6.0 – 9.0 M2
Hawk Ltd 100,100,245,62,Tba*,Aramid Carbon Sandwich Light,Fanatic Hawk 34 G10,Power Box,4,5.0 – 8.0 M2
Hawk Ltd 120,120,249,68,Tba*,Aramid Carbon Sandwich Light,Fanatic Hawk 39 G10,Power Box,4,5.5 – 8.5 M2
Hawk Ltd 135,135,249,73,Tba*,Aramid Carbon Sandwich Light,Fanatic Hawk 46 G10,Power Box,4,6.0 – 9.0 M2
Shark 100,100,245,63,Tba*,High Resistance Skin,Fanatic Freeride 36 Gfk,Power Box,4,4.5 – 7.0 M2
Shark 115,115,247,66,Tba*,High Resistance Skin,Fanatic Freeride 39 Gfk,Power Box,4,5.0 – 7.5 M2
Shark 125,125,249,69,Tba*,High Resistance Skin,Fanatic Freeride 42 Gfk,Power Box,4,5.5 – 8.0 M2
Shark 135,135,245,73,Tba*,High Resistance Skin,Fanatic Freeride 48 Gfk,Power Box,4,6.0 – 9.0 M2
Shark 150,150,250,78,Tba*,High Resistance Skin,Fanatic Freeride 50 Gfk,Power Box,4,6.5 – 9.5 M2
Shark 165,165,255,83,Tba*,High Resistance Skin,Fanatic Freeride 54 Gfk,Power Box,4,7.0 – 10.0 M”
Shark 135 Ltd,135,245,73,Tba*,Aramid Carbon Sandwich Light,Fanatic Freeride 48 G10,Power Box,4,6.0 – 9.0 M2
Shark 150 Ltd,150,250,78,Tba*,Aramid Carbon Sandwich Light,Fanatic Freeride 52 G10,Power Box,4,6.5 – 9.5 M2
Ray 95 Ltd,95,245,59,Tba*,Aramid Carbon Sandwich Light,Ray 34 G10,Tuttle Box,4,5.5 – 8.0 M2
Ray 110 Ltd,110,245,65,Tba*,Aramid Carbon Sandwich Light,Ray 37 G10,Tuttle Box,4,6.0 – 8.5 M2
Ray 125 Ltd,125,245,70,Tba*,Aramid Carbon Sandwich Light,Ray 43 G10,Tuttle Box,4,6.5 – 9.0 M2
Ray 140 Ltd,140,245,77,Tba*,Aramid Carbon Sandwich Light,Ray 49 G10,Deep Tuttle Box,4,6.5 – 9.5 M2
Falcon Speed,68,242,48,Tba*,Carbon Sandwich Light,None,Tuttle Box,4,4.0 – 7.0 M2
Falcon Slalom 86,86,240,58,Tba*,Biax Carbon Sandwich Light,None,Tuttle Box,4,4.5 – 7.0 M2
Falcon Slalom 102,102,235,63,Tba*,Biax Carbon Sandwich Light,None,Tuttle Box,4,5.5 – 8.5 M2
Falcon Slalom 112,112,235,69,Tba*,Biax Carbon Sandwich Light,None,Tuttle Box,4,6.0 – 9.0 M2
Falcon Slalom 122,122,230,75,Tba*,Biax Carbon Sandwich Light,None,Tuttle Box,4,6.5 – 9.5 M2
Falcon Slalom 133,133,230,79,Tba*,Biax Carbon Sandwich Light,None,Deep Tuttle Box,4,6.5 – 10 M2
Falcon Slalom 145,145,230,85,Tba*,Biax Carbon Sandwich Light,None,Deep Tuttle Box,4,7.0 – 10 M2 +
Viper 70,150,270,70,Tba*,High Resistance Skin – Softdeck**,Fanatic Viper 34,Power Box,4,2.0 – 8.0 M2
Viper 75,160,275,75,Tba*,High Resistance Skin – Softdeck**,Fanatic Viper 34,Power Box,4,2.0 – 10.0 M2
Viper 80,190,280,80,Tba*,High Resistance Skin – Softdeck**,Fanatic Viper 34,Power Box,4,2.0 – 10.0 M2
Viper 85,220,285,85,Tba*,High Resistance Skin – Softdeck**,Fanatic Viper 34,Power Box,4,2.0 – 10.0 M2
Ripper 102,102,242,69,Tba*,High Resistance Skin – Softdeck,Fanatic Ripper 30 & 39,Power Box,4,2.0 – 8.0 M2
