Model,Vol.,Size cm,Weight +/- 6%,Fins,Rec. Sails,Item N°
HARDCORE WAVE LTD V5,68,227x53.5,"6,4 Kgs","2 x RRD side Q4A 9cms +  2 x RRD Center Q4A 16,0 G-10 CNC",3.2-4.7,14HCW68LV5
HARDCORE WAVE LTD V5,78,227x55.5,"6,6 Kgs","2 x RRD side Q4A 9cms +  2 x RRD Center Q4A 15,5 G-10 CNC",3.7-5.3,14HCW78LV5
HARDCORE WAVE LTD V5,88,228x58.5,"6,7 Kgs","2 x RRD side Q4A 9cms +  2 x RRD Center Q4A 15,5 G-10 CNC",4.2-5.6,14HCW88LV5
HARDCORE WAVE LTD V5,98,228x61,"7,0 Kgs","2 x RRD side Q4A 9cms +  2 x RRD Center Q4A 15,5 G-10 CNC",4.5-5.8,14HCW98LV5
WAVE CULT LTD V5,75,229x57,"6,4 Kgs",MFC TQ 16 - PRO Flex + SIDE 8,3.7-5.2,RD13WC75V5
WAVE CULT LTD V5,83,230x59,"6,7 Kgs",MFC TQ 16 - PRO Flex + SIDE 8,4.0-5.7,RD13WC83V5
WAVE CULT LTD V5,92,231x61,"6,9 Kgs",MFC TQ 17 - PRO Flex + SIDE 8,4.5-6.2,RD13WC92V5
WAVE CULT LTD V5,100,233x62,"7,1 Kgs",MFC TQ 17 - PRO Flex + SIDE 8,4.9-6.6,RD13WC100V5
FIREWAVE LTD,74,233x58,"6,2 Kgs",MFC TF SIDE 10 L&R (SB) WL-RED’14-MFC TF CENTER 15 G-10 CNC (US),3.3-5.0,14FRW74L
FIREWAVE LTD,82,233x60,"6,5 Kgs",MFC TF SIDE 10 L&R (SB) WL-RED’14-MFC TF CENTER 16 G-10 CNC (US),3.2-4.7,14FRW82L
FIREWAVE LTD,92,234x62,"6,7 Kgs",MFC TF SIDE 10 L&R (SB) WL-RED’14-MFC TF CENTER 17 G-10 CNC (US),3.7-5.3,14FRW92L
FIREWAVE LTD,102,235x64,"6,8 Kgs",MFC TF SIDE 11 L&R (SB) WL-RED’14-MFC TF CENTER 18 G-10 CNC (US),4.2-5.6,14FRW102L
FIREWAVE LTD,112,235x66,"7,2 Kgs",MFC TF SIDE 11 L&R (SB) WL-RED’14-MFC TF CENTER 19 G-10 CNC (US),4.7-6.7,14FRW112L
FIREWAVE WOOD,74,233x58,"6,2 Kgs",MFC TF SIDE 10 L&R (SB) WL-RED’14-MFC TF CENTER 15 G-10 CNC (US),3.3-5.0,14FRW74W
FIREWAVE WOOD,82,233x60,"6,5 Kgs",MFC TF SIDE 10 L&R (SB) WL-RED’14-MFC TF CENTER 16 G-10 CNC (US),3.2-4.7,13FRW82W
FIREWAVE WOOD,92,234x62,"6,7 Kgs",MFC TF SIDE 10 L&R (SB) WL-RED’14-MFC TF CENTER 17 G-10 CNC (US),3.7-5.3,13FRW92W
FIREWAVE WOOD,102,235x64,"6,8 Kgs",MFC TF SIDE 11 L&R (SB) WL-RED’14-MFC TF CENTER 18 G-10 CNC (US),4.2-5.6,13FRW102W
FIREWAVE WOOD,112,235x66,"7,2 Kgs",MFC TF SIDE 11 L&R (SB) WL-RED’14-MFC TF CENTER 19 G-10 CNC (US),4.7-6.7,14FRW112W
FREESTYLE WAVE LTD V3,88,234x59,"6,3 Kgs",M FC  FREEWAVE 14 25 G-10,4.0-6.2,14FWC88
FREESTYLE WAVE LTD V3,94,236x61,"6,5 Kgs",M FC  FREEWAVE 14 28 G-10,4.2-6.4,14FWC94
FREESTYLE WAVE LTD V3,100,237x63,"6,6 Kgs",M FC  FREEWAVE 14 29 G-10,4.5-6.7,14FWC100
FREESTYLE WAVE LTD V3,106,"237x64,5","6,7 Kgs",M FC  FREEWAVE 14 32 G-10,4.7-7.2,14FWC106
FREESTYLE WAVE WOOD V3,88,234x59,"6,7 Kgs",M FC  FREEWAVE 14 25 G-10,4.0-6.2,14FWW88
FREESTYLE WAVE WOOD V3,94,236x61,"6,9 Kgs",M FC  FREEWAVE 14 28 G-10,4.2-6.4,14FWW94
FREESTYLE WAVE WOOD V3,100,237x63,"7,1 Kgs",M FC  FREEWAVE 14 29 G-10,4.5-6.7,14FWW100
FREESTYLE WAVE WOOD V3,106,"237x64,5","7,3 Kgs",M FC  FREEWAVE 14 32 G-10,4.7-7.2,14FWW106
TWINTIP LTD V4,91,"230x59,5","5,9 Kgs",MFC GT CARBON MOULDED 18,3.7-5.0,RD13ST39V2
TWINTIP LTD V4,101,227x63,"6,3 Kgs",MFC GT CARBON MOULDED 20,4.0-5.8,RD13ST40V2
X-FIRE LTD V7,80,235x53,"5,4 Kgs",NO FIN DELIVERED,5.0-7.8,RDXF80V7
X-FIRE LTD V7,90,235x59,"5,8 Kgs",NO FIN DELIVERED,5.0-7.0,RDXF90V7
X-FIRE LTD V7,98,235x62,"6,1 Kgs",NO FIN DELIVERED,5.5-7.5,RDXF98V7
X-FIRE LTD V7,105,235x65,"6,4 Kgs",NO FIN DELIVERED,6.0-7.8,RDXF105V7
X-FIRE LTD V7,114,235x70,"6,4 Kgs",NO FIN DELIVERED,6.5-8.5,RDXF114V7
X-FIRE LTD V7,122,228x81,"7,18 Kgs",NO FIN DELIVERED,8.5-9.5,RDXF122V7
X-FIRE LTD V7,129,228x85,"7,6 Kgs",NO FIN DELIVERED,9.0-10.0,RDXF129V7
X-FIRE LIGHTWIND LTD,150,236x91,7.8Kgs,NO FIN DELIVERED,7.5-11.0,14XFLW
FIRESTORM LTD V2,101,236x65,6.4 Kgs,MFC 38 RC 2 CNC G-10,5.2-7.2,13FS101L
FIRESTORM LTD V2,111,236x68,6.6 Kgs,MFC 40 RC 2 CNC G-10,6.0-7.8,13FS111L
FIRESTORM LTD V2,120,238x72,6.9 Kgs,MFC 42 RC 2 CNC G-10,7.0-8.5,13FS120L
FIRESTORM LTD V2,129,240x75,7.15 Kgs,MFC 44RC 2 CNC G-10,7.0-9.0,13FS129L
FIRESTORM LTD V2,138,240x77,7.3 Kgs,MFC 46 RC 2 CNC G-10,7.5-9.5,13FS138L
FIRESTORM WOOD V2,101,235x66,6.7 Kgs,MFC 38 RC 2 CNC G-10,5.2-7.2,13FS101W
FIRESTORM WOOD V2,111,236x68,6.9 Kgs,MFC 40 RC 2 CNC G-10,6.0-7.8,13FS111W
FIRESTORM WOOD V2,120,238x72,7.2 Kgs,MFC 42 RC 2 CNC G-10,7.0-8.5,13FS120W
FIRESTORM WOOD V2,129,239x75,7.3 Kgs,MFC 44RC 2 CNC G-10,7.0-9.0,13FS129W
FIRESTORM WOOD V2,138,240x77,7.5 Kgs,MFC 46 RC 2 CNC G-10,7.5-9.5,13FS138W
FIREMOVE LTD V2,102,238x68,7.2 Kgs,MFC LIQUID PRO 36 G-10 CNC,5.2-7.2,13FM102L
FIREMOVE LTD V2,112,238x74,7.5 Kgs,MFC LIQUID PRO 38 G-10 CNC,6.0-8.0,13FM112L
FIREMOVE LTD V2,122,238x79,7.9 Kgs,MFC LIQUID PRO 42 G-10 CNC,6.8-9.0,13FM122L
FIREMOVE LTD V2,130,236x85,8.6 Kgs,MFC LIQUID PRO 46 G-10 CNC,7.2-9.5,13FM130L
FIREMOVE LTD V2,140,238x90,9.2 Kgs,MFC LIQUID PRO 48 G-10 CNC,7.5-10,13FM140L
FIREMOVE WOOD V2,102,238x68,7.8 Kgs,MFC LIQUID PRO 36 G-10 CNC,5.2-7.2,13FM102W
FIREMOVE WOOD V2,112,238x74,8.3 Kgs,MFC LIQUID PRO 38 G-10 CNC,6.0-8.0,13FM112W
FIREMOVE WOOD V2,122,238x79,8.6 Kgs,MFC LIQUID PRO 42 G-10 CNC,6.8-9.0,13FM122W
FIREMOVE WOOD V2,130,236x85,9.3 Kgs,MFC LIQUID PRO 46 G-10 CNC,7.2-9.5,13FM130W
FIREMOVE WOOD V2,140,238x90,9.9 Kgs,MFC LIQUID PRO 48 G-10 CNC,7.5-10,13FM140W
FIREMOVE E-TECH V2,102,238x68,8.4 Kgs,RRD ZX 40,5.2-7.2,13FM102E
FIREMOVE E-TECH V2,112,238x74,8.8 Kgs,RRD ZX 40,6.0-8.0,13FM112E
FIREMOVE E-TECH V2,122,238x79,9.2 Kgs,RRD ZX 44,6.8-9.0,13FM122E
FIREMOVE E-TECH V2,130,236x85,10.5 Kgs,RRD ZX 46,7.2-9.5,13FM130E
FIREMOVE E-TECH V2,140,238x90,11.0 Kgs,RRD ZX 48,7.5-10,13FM140E
360 EVOLUTION DURATECH V3 XS,135,248x72,9.5 Kgs,ZX 46 WET LAYUP,4.0-7.0,RD12XS360DT
360 EVOLUTION DURATECH V3 S,145,249x75,9.7 Kgs,ZX 46 WET LAYUP,4.5-7.5,RD12S360DT
360 EVOLUTION DURATECH V3 M,155,251x78,10.2 Kgs,ZX 46 WET LAYUP,5.0-8.0,RD12M360DT
360 EVOLUTION SOFTSKIN V2 XS,135,248x72,9.5 Kgs,ZX 44 Wet Layup,4.0-7.0,RD12XS360SK
360 EVOLUTION SOFTSKIN V2 S,145,249x75,"10,3 Kgs",ZX 46 Wet Layup,4.5-7.5,RD12S360SK
360 EVOLUTION SOFTSKIN V2 M,155,251x78,10.9 Kgs,ZX 46 Wet Layup,5.0-8.0,RD12M360SK
360 EVOLUTION SOFTSKIN V2 L,158,257x81,11.6 Kgs,SLALOM 34 + ALGEIER DAGGERBOARD,1.5-8.0,RD12L360SK
360 EVOLUTION SOFTSKIN V2 L W/O DAGGER,158,257x81,11.3 Kgs,ZX 46 WET LAYuP,1.5-8.0,12L360SKND
EASYRIDE SOFTSKIN V2  S,166,260x80,"12,5Kgs",SLALOM 34 + ALGEIER DAGGERBOARD,1.0-7.5,RD11ERSSK
EASYRIDE SOFTSKIN V2  M,180,260x85,13 Kgs,SLALOM 34 + ALGEIER DAGGERBOARD,1.0-8.0,RD11ERMSK
EASYRIDE SOFTSKIN V2  L,220,270x100,"14,5Kgs",SLALOM 34 + ALGEIER DAGGERBOARD,1.0-8.0,RD11ERLSK
EASYJOY V2 SOFTSKIN,110,233x67,"8,7Kgs",2X34 SLALOM  PB,1.0-6.5,13EJSK
WAVEJOY V2 X-TECH,64,229x53,"6,7Kgs",MFC GOMWAVE 19,2.5-5.0,13WJV2X
LONGRIDER,180,340x70,"14,2Kgs",MFC FREEWAVE 34 + LONG ALGEIR DAGGERBOARD,3.5-7.5,RD11LRV2
