MODELS,VOLUME,WIDTH,LENGTH,TECHNOLOGY,FIN BOXES,FINS,REC. SAIL SIZES
Stubby TE 76,76 l,55 cm,212 cm,BXIC,"2 × Slot Box,Center US Box","CF 2 × 12cm, 17cm",Up to 5.3 m2
Stubby TE 82,82 l,56 cm,214 cm,"CF 2 × 12cm, 17cm",Up to 5.8 m2,,
Stubby TE 89,89 l,57.5 cm,215 cm,"CF 2 × 12cm, 18cm",Up to 6.2 m2,,
Stubby TE 99,99 l,60 cm,218 cm,"CF 2 × 12cm, 18cm",Up to 6.5 m2,,
Grip TE 68,68 l,54 cm,220 cm,BXIC,4 × Slot Box,"CF 2 × 9 cm, 2 × 14cm",Up to 5.0 m2
Grip TE 76,76 l,56 cm,222 cm,5 × Slot Box,"CF 2 × 9.5 cm, 2 × 14.5 cm",Up to 5.3 m2,
Grip TE 82,82 l,58 cm,224 cm,"CF 2 × 9.5 cm, 2 × 14.5 cm",Up to 5.8 m2,,
Grip TE 89,89 l,59.5 cm,226 cm,"CF 2 × 10 cm, 2 × 14.5 cm",Up to 6.2 m2,,
Grip TE 99,99 l,62 cm,229 cm,"2 × Slot Box, C. US Box","MFC TF Black 2 × 12cm, 19 cm",Up to 6.5 m2,
FreeWave STB TXTR 85,85 l,57.5 cm,225 cm,TXTR / BXIC,"2 × Slot Box,Power Box","MFC TF Black 2 × 12 cm, 18 cm",Up to 6.0 m2
FreeWave STB TXTR 95,95 l,60 cm,227 cm,"MFC TF Black 2 × 12 cm, 19 cm",Up to 6.2 m2,,
FreeWave STB TXTR 105,105 l,62.5 cm,229 cm,"MFC TF Black 2 × 12 cm, 20 cm",Up to 6.8 m2,,
FreeWave STB TXTR 115,115 l,65 cm,231 cm,MFC 30 cm,Up to 7.5 m2,,
FreeWave STB TE 85,85 l,57.5 cm,225 cm,BXIC,"2 × Slot Box,Power Box","MFC TF Black 2 × 12 cm, 18 cm",Up to 6.0 m2
FreeWave STB TE 95,95 l,60 cm,227 cm,"MFC TF Black 2 × 12 cm, 19 cm",Up to 6.2 m2,,
FreeWave STB TE 105,105 l,62.5 cm,229 cm,"MFC TF Black 2 × 12 cm, 20 cm",Up to 6.8 m2,,
FreeWave STB TE 115,115 l,65 cm,231 cm,MFC 30 cm,Up to 7.5 m2,,
FreeWave STB 85,85 l,57.5 cm,225 cm,BXF,"2 × Slot Box,Power Box",CF 26 cm,Up to 6.0 m2
FreeWave STB 95,95 l,60 cm,227 cm,CF 28 cm,Up to 6.2 m2,,
FreeWave STB 105,105 l,62.5 cm,229 cm,CF 30 cm,Up to 6.8 m2,,
Skate TE 86,86 l,60 cm,228 cm,BXIC,Power Box,CF Composite Innegra 17.5 cm,Up to 5.3 m2
Skate TE 93,93 l,62 cm,225 cm,CF Composite Innegra 18.5 cm,Up to 5.9 m2,,
Skate TE 100,100 l,64 cm,228 cm,CF Composite Innegra 20 cm,Up to 6.2 m2,,
Skate TE 108,108 l,66.5 cm,226 cm,CF Composite Innegra 22 cm,Up to 6.7 m2,,
Gecko LTD 98,98 l,63 cm,239 cm,BXF,Power Box,CF Composite Black 34 cm,Up to 7.5 m2
Gecko LTD 105,105 l,69 cm,239 cm,CF Composite Black 36 cm,Up to 8.0 m2,,
Gecko LTD 112,112 l,73 cm,239 cm,CF Composite Black 38 cm,Up to 8.5 m2,,
Gecko LTD 120,120 l,76 cm,242 cm,CF Composite Black 40 cm,Up to 9.0 m2,,
Gecko LTD 133,133 l,78 cm,246 cm,CF Composite Black 42 cm,Up to 9.5 m2,,
Gecko LTD 146,146 l,83 cm,250 cm,CF Composite Black 46 cm,Up to 10 m2,,
Gecko Foil Edition 120,120 l,76 cm,242 cm,BXF,FOIL Tuttle Box,CF Composite Black 42 cm,Up to 9.0 m2
Gecko Foil Edition 133,133 l,78 cm,246 cm,CF Composite Black 44 cm,Up to 9.5 m2,,
Gecko Eco 112,112 l,73 cm,239 cm,CBC,Power Box,CF Composite Black 38 cm,Up to 8.5 m2
Gecko HRS 98,98 l,63 cm,239 cm,HRS,Power Box,CF White 34 cm,Up to 7.5 m2
Gecko HRS 105,105 l,69 cm,239 cm,CF White 36 cm,Up to 8.0 m2,,
Gecko HRS 112,112 l,73 cm,239 cm,CF White 38 cm,Up to 8.5 m2,,
Gecko HRS 120,120 l,76 cm,242 cm,CF White 40 cm,Up to 9.0 m2,,
Gecko HRS 133,133 l,78 cm,246 cm,CF White 42 cm,Up to 9.5 m2,,
Gecko HRS 146,146 l,83 cm,250 cm,CF White 46 cm,Up to 10 m2,,
Gecko HRS 156 +,156 l,85 cm,252 cm,CF White 48 cm,Up to 11 m2,,
Gecko HRS 156 + Daggerboard,156 l,85 cm,252 cm,Fanatic Viper 34 & Daggerboard,Up to 11 m2,,
Blast TXTR 100,100 l,62 cm,231 cm,TXTR / BXC,Tuttle Box,CF Composite Black 34 cm,Up to 7.8 m2
Blast TXTR 115,115 l,66 cm,232 cm,CF Composite Black 38 cm,Up to 8.4 m2,,
Blast TXTR 130,130 l,70 cm,233 cm,FOIL Tuttle Box,CF Composite Black 42 cm,Up to 9.0 m2,
Blast TXTR 145,145 l,77 cm,235 cm,CF Composite Black 44 cm,Up to 10.0 m2,,
Blast LTD 100,100 l,62 cm,231 cm,BXF,Tuttle Box,CF Composite Black 34 cm,Up to 7.8 m2
Blast LTD 115,115 l,66 cm,232 cm,CF Composite Black 38 cm,Up to 8.4 m2,,
Blast LTD 130,130 l,70 cm,233 cm,FOIL Tuttle Box,CF Composite Black 42 cm,Up to 9.0 m2,
Blast LTD 145,145 l,77 cm,235 cm,CF Composite Black 44 cm,Up to 10.0 m2,,
Falcon TE 89,89 l,60 cm,235 cm,BXC,Short Tuttle Box,No Fin,Up to 7.8 m2
Falcon TE 98,98 l,63 cm,235 cm,Up to 8.2 m2,,,
Falcon TE 114,114 l,71 cm,230 cm,FULL BXC,Medium Tuttle Box,No Fin,Up to 8.6 m2
Falcon TE 121,121 l,75 cm,230 cm,Up to 9.2 m2,,,
Falcon TE129,129 l,80 cm,230 cm,FOIL Tuttle Box,No Fin,Up to 9.5 m2,
Falcon TE 136,136 l,85 cm,225 cm,Up to 10 m2,,,
Falcon Lightwind 159,159 l,90 cm,230 cm,BXF,FOIL Tuttle Box,CF Composite Black 50 cm,Up to 11 m2
Falcon Speed 44 Lüderitz,54 l,44 cm,230 cm,BXC,Short Tuttle Box,No Fin,Up to 6.5 m2
Falcon Speed 52.5,70 l,52.5 cm,230 cm,Up to 7.0 m2,,,
Falcon Speed 56,79 l,56 cm,235 cm,Up to 7.5 m2,,,
Falcon Formula 172,172 l,100 cm,230 cm,FULL BXC,Deep Tuttle Box,No Fin,Up to 12.5 m2
Viper 75,160 l,75 cm,275 cm,HRS,Power Box,"Fanatic Viper 34, Daggerboard",Up to 10 m2
Viper 80,190 l,80 cm,280 cm,,,,
Viper 85,220 l,85 cm,285 cm,,,,
Viper 91,240 l,91 cm,290 cm,,,,
Viper Air Windsurf 355,355 l,85.1 cm,335.3 cm,DL HD,2 × US Box 10 cm,"1 × Fly 19.5 cm, 1 × Fly Race 22 cm",–
Viper Air Windsurf 355 Pure,355 l,85.1 cm,335.3 cm,Pure,2 × US Box 10 cm,"1 × Fly 19.5 cm, 1 × Fly Race 22 cm",–
Ripper 112,112 l,73 cm,239 cm,HRS,Power Box,Fanatic Ripper 30 & 39,Up to 8.0 m2
Ripper Air Windsurf 187,187 l,73.7 cm,274.3 cm,Pure,2 × US Box 10 cm,"1 × Fly 19.5 cm, 1 × Fly Race 22 cm",–
Tandem Air Premium,505 l,86.4 cm,487.6 cm,DL HD,2 × US Box 10 cm,2 × Fly 19.5 cm,–
